area,date,average_price,houses_sold,no_of_crimes,median_salary,life_satisfaction,mean_salary,population_size,number_of_jobs,area_size,no_of_houses,density,code
barking and dagenham,2011/12/31,163465.0833,121.5,1560.833333,28201,7.05,33568,187029,54000,3780,71079,18.8,E09000002
barking and dagenham,2012/12/31,165863.9167,111.8333333,1447,33131,7.09,37059,190560,55000,3780,71431,18.9,E09000002
barking and dagenham,2013/12/31,173733.6667,149,1377.916667,32248,7.01,37214,194352,54000,3780,71937,19,E09000002
barking and dagenham,2014/12/31,201172.25,188.25,1352.333333,32698,7.32,36323,198294,59000,3780,72668,19.2,E09000002
barking and dagenham,2015/12/31,233460.0833,200.4166667,1431.666667,33018,7.45,36705,201979,62000,3780,73182,19.4,E09000002
barking and dagenham,2016/12/31,273919.75,183.5833333,1474.166667,30994,7.5,37959,206460,63000,3780,73914,19.6,E09000002
barking and dagenham,2017/12/31,287734.8333,172.5,1556.166667,28553,7.66,32093,210711,66000,3780,74510,19.7,E09000002
barking and dagenham,2018/12/31,295196.6667,161.0833333,1523.416667,29995,7.52,32671,211998,66000,3780,74923,19.8,E09000002
barnet,2011/12/31,338978,325.6666667,2199.416667,30237,7.43,33062,357538,147000,8675,139346,16.1,E09000003
barnet,2012/12/31,358627.4167,337.9166667,2138.5,29594,7.28,33044,363956,154000,8675,141461,16.3,E09000003
barnet,2013/12/31,374770.5833,397.5833333,1934.5,29353,7.4,33766,369088,159000,8675,142835,16.5,E09000003
barnet,2014/12/31,430363.3333,421.5,1919.583333,31162,7.54,34936,374915,165000,8675,143948,16.6,E09000003
barnet,2015/12/31,478688.0833,427.0833333,2051.916667,30900,7.53,34730,379691,168000,8675,145272,16.7,E09000003
barnet,2016/12/31,525939.5,424.9166667,2141.416667,32623,7.47,35315,386083,169000,8675,146730,16.9,E09000003
barnet,2017/12/31,538280.9167,335.6666667,2249.916667,32143,7.63,36818,387803,176000,8675,148529,17.1,E09000003
barnet,2018/12/31,533266.4167,325.9166667,2356.083333,29927,7.55,36776,392140,170000,8675,150737,17.4,E09000003
bexley,2011/12/31,200672.0833,212.0833333,1027.083333,28638,7.42,31812,232774,78000,6429,95037,14.8,E09000004
bexley,2012/12/31,202546.4167,239.5,1030.416667,27440,7.42,30833,234271,78000,6429,95240,14.8,E09000004
bexley,2013/12/31,213470.25,281.5,992.8333333,28512,7.28,32463,236687,80000,6429,95658,14.9,E09000004
bexley,2014/12/31,244459.5833,328.6666667,1017,28505,7.52,31878,239865,80000,6429,96186,15,E09000004
bexley,2015/12/31,274209.25,328.5,1028.833333,29664,7.41,33367,242142,86000,6429,96996,15.1,E09000004
bexley,2017/12/31,335694.4167,273.25,1235.166667,30733,7.42,33857,246124,91000,6429,97628,15.2,E09000004
brent,2011/12/31,298964.4167,182.5833333,2600.5,26772,7.11,29609,312245,115000,4323,112083,25.9,E09000005
brent,2012/12/31,314112.8333,171.4166667,2384.25,27577,7.28,32089,314660,123000,4323,112643,26.1,E09000005
brent,2013/12/31,339655.75,205.4166667,2057,28034,7.41,34480,317264,125000,4323,113305,26.2,E09000005
brent,2014/12/31,394687.4167,248.6666667,2100.916667,29514,7.24,33484,320762,131000,4323,114039,26.4,E09000005
brent,2015/12/31,440951.75,260.5,2135.666667,29987,7.55,34281,324012,136000,4323,115598,26.7,E09000005
brent,2016/12/31,489469.4167,249.3333333,2302.5,30699,7.67,36579,328254,148000,4323,116649,27,E09000005
brent,2017/12/31,487703.75,185.25,2480,30134,7.79,35840,329102,157000,4323,118013,27.3,E09000005
brent,2018/12/31,492845.3333,166.0833333,2566.833333,30366,7.71,35830,330795,157000,4323,118707,27.5,E09000005
bromley,2011/12/31,274874.5,361.25,1845,28163,7.5,32863,310554,119000,15013,135036,9,E09000006
bromley,2012/12/31,282025.0833,403.75,1721.25,28082,7.6,33859,314036,122000,15013,135612,9,E09000006
bromley,2013/12/31,296669.25,457.1666667,1624,28126,7.53,34133,317899,129000,15013,136304,9.1,E09000006
bromley,2014/12/31,347857.3333,514.0833333,1682.083333,27926,7.71,33458,321278,127000,15013,136453,9.1,E09000006
bromley,2015/12/31,385681.5,504.5,1758.333333,30444,7.54,35238,324857,124000,15013,136864,9.1,E09000006
bromley,2016/12/31,428008.1667,437.25,1727.833333,30861,7.6,35338,326889,134000,15013,137564,9.2,E09000006
bromley,2017/12/31,441218.6667,400.5,1898.833333,29819,7.31,34354,329391,134000,15013,138422,9.2,E09000006
bromley,2018/12/31,443410,386.9166667,1936.083333,30762,7.57,35201,331096,127000,15013,138976,9.3,E09000006
camden,2011/12/31,554393,218.3333333,3018.416667,35967,7.25,45588,220087,331000,2179,99828,45.8,E09000007
camden,2012/12/31,586166,201.0833333,2806,36962,7.24,44832,224962,344000,2179,100196,46,E09000007
camden,2013/12/31,667447.5833,244.1666667,2441.916667,36336,7.11,45539,229719,355000,2179,100760,46.2,E09000007
camden,2014/12/31,756486.3333,231.6666667,2328.25,36748,7.25,44629,234846,379000,2179,101214,46.5,E09000007
camden,2015/12/31,787440.9167,207.25,2528.75,36970,7.35,45489,241059,383000,2179,101653,46.7,E09000007
camden,2016/12/31,807119,183.0833333,2514.5,37817,7.56,45644,246181,394000,2179,102618,47.1,E09000007
camden,2017/12/31,839347.5,182.9166667,3162,38147,7.31,44970,253361,398000,2179,103826,47.7,E09000007
camden,2018/12/31,842410.5,153.25,2971.166667,39198,7.48,46502,262226,403000,2179,104771,48.1,E09000007
city of london,2011/12/31,463930.8333,21.25,1735.083333,54381,7.3,90842,7412,436000,315,5513,17.5,E09000001
city of london,2012/12/31,525327.5,16.41666667,1644.833333,54000,7.34,86987,7604,449000,315,5531,17.6,E09000001
city of london,2013/12/31,570008.6667,36.08333333,1423.083333,54202,7.38,83403,7648,463000,315,5566,17.7,E09000001
city of london,2014/12/31,709385.4167,26.91666667,1654.333333,54710,7.45,82808,8072,498000,315,6003,19.1,E09000001
city of london,2015/12/31,760253.1667,25.66666667,1713.083333,54034,7.52,77754,8760,541000,315,6229,19.8,E09000001
city of london,2016/12/31,818315.5,14.33333333,1643,55487,7.58,79489,9401,586000,315,6306,20,E09000001
city of london,2017/12/31,849790.1667,18.25,1521.083333,56295,7.58,80655,7654,626000,315,6313,20,E09000001
city of london,2018/12/31,784809,32.66666667,1434.75,61203,7.6,90028,8706,640000,315,6451,20.5,E09000001
croydon,2011/12/31,215427.5833,291.0833333,2697.666667,28979,7.04,33050,364815,136000,8650,148099,17.1,E09000008
croydon,2012/12/31,221817.0833,301.4166667,2701.333333,28974,7.01,33831,368886,141000,8650,148806,17.2,E09000008
croydon,2013/12/31,234439.8333,404.3333333,2370.916667,30939,7.36,35213,372752,130000,8650,149697,17.3,E09000008
croydon,2014/12/31,274827.4167,500.8333333,2362.25,31154,7.35,34769,376040,142000,8650,150992,17.5,E09000008
croydon,2015/12/31,307064.1667,480.5,2444.333333,30628,7.45,34199,379031,144000,8650,152515,17.6,E09000008
croydon,2017/12/31,372554.4167,417.9166667,2549,32109,7.49,35839,384837,155000,8650,157394,18.2,E09000008
croydon,2018/12/31,370298.4167,348.5833333,2585.916667,33804,7.69,36880,385346,149000,8650,159470,18.4,E09000008
ealing,2011/12/31,302306.9167,250.9166667,2739.916667,28646,7.22,34725,339314,148000,5554,127187,22.9,E09000009
ealing,2012/12/31,318697.75,269.75,2581.5,31104,7.22,35024,340671,148000,5554,127872,23,E09000009
ealing,2013/12/31,338088.8333,320.6666667,2227.75,29733,7.24,33210,342494,152000,5554,128862,23.2,E09000009
ealing,2014/12/31,400039.1667,291.8333333,2142.666667,28825,7.6,32716,342118,159000,5554,129631,23.3,E09000009
ealing,2015/12/31,438310.5833,305.75,2251,28657,7.65,31980,343059,163000,5554,130528,23.5,E09000009
ealing,2016/12/31,476440.6667,264.6666667,2328.5,29241,7.42,34468,343196,168000,5554,131249,23.6,E09000009
ealing,2017/12/31,484592.0833,232.25,2359.75,30259,7.55,36039,342736,168000,5554,132094,23.8,E09000009
ealing,2018/12/31,480050.5833,232.6666667,2358.916667,29928,7.53,36304,341982,148000,5554,133551,24,E09000009
enfield,2011/12/31,241991.25,226.4166667,1965.75,26412,7.23,31797,313935,110000,8220,122042,14.8,E09000010
enfield,2012/12/31,247667.25,233.4166667,1888.666667,27123,7.24,31749,317287,117000,8220,122339,14.9,E09000010
enfield,2013/12/31,261604.4167,284.6666667,1862.916667,25805,7.28,30011,320524,118000,8220,122888,14.9,E09000010
enfield,2014/12/31,294515.6667,325.3333333,1867.666667,25805,7.45,29804,324574,127000,8220,123400,15,E09000010
enfield,2015/12/31,335503.6667,314.25,1903.5,26230,7.3,31041,328433,133000,8220,123799,15.1,E09000010
enfield,2016/12/31,385489.75,269.9166667,1940.666667,28918,7.29,33076,331395,129000,8220,124471,15.1,E09000010
enfield,2017/12/31,395929.1667,235.75,2102.083333,29134,7.34,34096,332705,126000,8220,125369,15.3,E09000010
enfield,2018/12/31,396631.6667,213.0833333,2332.333333,29238,7.37,37030,333869,133000,8220,125755,15.3,E09000010
greenwich,2011/12/31,229295.4167,213.3333333,1903.75,29932,7.18,32581,255483,81000,5044,103186,20.5,E09000011
greenwich,2012/12/31,236980.8333,230.3333333,1789.916667,30097,7.15,32764,260068,82000,5044,104509,20.7,E09000011
greenwich,2013/12/31,253399.25,294.5,1645.166667,29251,7.15,33060,264008,86000,5044,104623,20.7,E09000011
greenwich,2014/12/31,298351.5833,385.4166667,1718.666667,28954,7.33,31690,268678,95000,5044,105735,21,E09000011
greenwich,2015/12/31,331848.9167,358.4166667,1801.166667,30497,7.23,33856,274803,96000,5044,106883,21.2,E09000011
greenwich,2016/12/31,372737.75,316.8333333,1960.916667,30180,7.28,33568,279766,96000,5044,108603,21.5,E09000011
greenwich,2017/12/31,391749.8333,294.6666667,2127.083333,32635,7.47,35702,282849,102000,5044,110983,22,E09000011
greenwich,2018/12/31,388344.4167,291,2142.75,33163,7.54,36288,286186,106000,5044,112884,22.4,E09000011
hackney,2011/12/31,308698.3333,184.75,2305.5,33512,7,42089,247182,113000,1905,102408,53.8,E09000012
hackney,2012/12/31,325492.6667,218.1666667,2380.916667,34803,7.07,41030,252119,112000,1905,103565,54.4,E09000012
hackney,2013/12/31,372669,226.6666667,2190.75,33097,7.05,39044,257379,111000,1905,104365,54.8,E09000012
hackney,2014/12/31,456388.5,243.1666667,2100,33116,7.43,40241,263150,131000,1905,105490,55.4,E09000012
hackney,2015/12/31,506799.0833,243.5,2274.166667,31566,7.31,38327,269009,136000,1905,106748,56,E09000012
hackney,2016/12/31,537746.3333,204.6666667,2427.666667,32404,7.26,39387,273526,143000,1905,107574,56.5,E09000012
hackney,2017/12/31,549005.5,189.9166667,2652.25,33618,7.34,42457,275929,139000,1905,108770,57.1,E09000012
hackney,2018/12/31,544640.4167,166.5,2603.916667,35286,7.5,40439,279665,152000,1905,110037,57.8,E09000012
hammersmith and fulham,2011/12/31,518573.75,224.25,1972.916667,36143,7.38,42531,182445,140000,1715,82390,48,E09000013
hammersmith and fulham,2012/12/31,567082,216.3333333,1879.083333,35136,7.21,44065,179850,147000,1715,82861,48.3,E09000013
hammersmith and fulham,2013/12/31,631529.0833,251.0833333,1611.916667,34554,7.4,42349,178685,141000,1715,83281,48.5,E09000013
hammersmith and fulham,2014/12/31,721099.75,239.1666667,1646,33688,7.56,38677,178365,148000,1715,83907,48.9,E09000013
hammersmith and fulham,2015/12/31,760833.75,204,1706.583333,34652,7.68,38176,179410,154000,1715,85267,49.7,E09000013
hammersmith and fulham,2016/12/31,755097.5,183.5833333,1741.583333,35000,7.47,40291,179654,157000,1715,85635,49.9,E09000013
hammersmith and fulham,2017/12/31,756900.4167,179.1666667,1809.833333,36972,7.34,45218,182998,159000,1715,86609,50.5,E09000013
hammersmith and fulham,2018/12/31,725525.3333,185.5833333,1843.916667,40972,7.72,44781,185426,155000,1715,88140,51.4,E09000013
haringey,2011/12/31,326468.25,189.5,2113.083333,28032,7.11,30446,255540,74000,2960,104173,35.2,E09000014
haringey,2012/12/31,339685.9167,203.5833333,2065.583333,29116,7.17,31874,258912,80000,2960,105456,35.6,E09000014
haringey,2013/12/31,372233.6667,222.0833333,1789.583333,29609,7.28,32408,263386,84000,2960,106033,35.8,E09000014
haringey,2014/12/31,435807.8333,243.8333333,1962.416667,30325,7.38,33616,267541,90000,2960,106507,36,E09000014
haringey,2015/12/31,480636.0833,230.4166667,2123.583333,30072,7.26,33919,272864,93000,2960,106640,36,E09000014
haringey,2016/12/31,527676.6667,191,2351.416667,29753,7.56,32799,278451,92000,2960,106879,36.1,E09000014
haringey,2017/12/31,557307.0833,163,2527.583333,31442,7.6,35729,271224,92000,2960,107620,36.4,E09000014
haringey,2018/12/31,551560.6667,170.75,2585.333333,29801,7.35,34178,270624,91000,2960,108820,36.8,E09000014
harrow,2011/12/31,296477.8333,179.6666667,1168.583333,27540,7.31,32342,240499,76000,5046,86524,17.1,E09000015
harrow,2012/12/31,304904.5,188.6666667,1151.5,26738,7.37,31817,242377,79000,5046,86994,17.2,E09000015
harrow,2013/12/31,319397.6667,214.5,1037.333333,25784,7.51,31504,243373,78000,5046,87709,17.4,E09000015
harrow,2014/12/31,360795.8333,233.5833333,1024.916667,26037,7.49,29957,246011,89000,5046,88004,17.4,E09000015
harrow,2015/12/31,408604.5833,258.9166667,1082.416667,26770,7.65,31404,247130,88000,5046,88414,17.5,E09000015
harrow,2016/12/31,453862.3333,197.4166667,1132.75,30134,7.64,34743,248752,93000,5046,89324,17.7,E09000015
harrow,2017/12/31,470763.4167,175.1666667,1163.083333,31255,7.79,39293,248880,97000,5046,89980,17.8,E09000015
harrow,2018/12/31,465907.5,186.1666667,1241.5,30553,7.65,35325,250149,91000,5046,90680,18,E09000015
havering,2011/12/31,219558.8333,215.5833333,1454.5,28415,7.35,31947,237927,82000,11446,99184,8.7,E09000016
havering,2012/12/31,221601.9167,234.1666667,1402.666667,28326,7.36,31759,239733,84000,11446,99226,8.7,E09000016
havering,2013/12/31,226428.8333,297.8333333,1290.166667,29858,7.51,32758,242080,91000,11446,99463,8.7,E09000016
havering,2014/12/31,259267.25,353.8333333,1270.333333,30003,7.62,33536,245974,90000,11446,99619,8.7,E09000016
havering,2015/12/31,291844.8333,349,1365.25,30591,7.69,33850,249085,93000,11446,100261,8.8,E09000016
havering,2016/12/31,341803.9167,314.8333333,1455.916667,28906,7.53,33025,252783,100000,11446,101273,8.8,E09000016
havering,2017/12/31,360479.3333,300,1580.416667,29134,7.58,33432,256039,103000,11446,101716,8.9,E09000016
havering,2018/12/31,370248.9167,293,1558.916667,30181,7.68,34484,257810,108000,11446,101993,8.9,E09000016
hillingdon,2011/12/31,251781.6667,280.0833333,2004.583333,33589,7.4,39436,275499,202000,11570,103907,9,E09000017
hillingdon,2012/12/31,260476.5,274.8333333,1797.833333,33822,7.37,39849,281756,213000,11570,104896,9.1,E09000017
hillingdon,2013/12/31,270594.75,279.5833333,1592.5,35738,7.5,40911,286808,213000,11570,106363,9.2,E09000017
hillingdon,2014/12/31,305781.9167,319.25,1802.75,33984,7.63,42606,292690,220000,11570,106917,9.2,E09000017
hillingdon,2015/12/31,352748.4167,319.9166667,1831.75,32681,7.46,40529,297735,202000,11570,107462,9.3,E09000017
hillingdon,2016/12/31,400791.4167,285.5,1894.833333,33093,7.68,39729,302471,204000,11570,108171,9.3,E09000017
hillingdon,2017/12/31,413586.6667,275.9166667,2368.583333,33596,7.55,41156,302343,216000,11570,108935,9.4,E09000017
hillingdon,2018/12/31,410266,251.4166667,2130.5,31886,7.76,39670,304824,209000,11570,109777,9.5,E09000017
hounslow,2011/12/31,264605.3333,191.1666667,2016.416667,32759,7.26,41142,254927,150000,5659,96892,17.1,E09000018
hounslow,2012/12/31,267958.1667,197.4166667,1983.666667,31821,7.35,41688,259052,160000,5659,97472,17.2,E09000018
hounslow,2013/12/31,290577.3333,237.5,1668,31173,7.33,38522,262407,167000,5659,97704,17.3,E09000018
hounslow,2014/12/31,324525.8333,277.9166667,1696.833333,33038,7.57,41473,265568,164000,5659,98390,17.4,E09000018
hounslow,2015/12/31,351438,277.75,1816.416667,33717,7.54,43037,268770,187000,5659,98787,17.5,E09000018
hounslow,2016/12/31,386462,245.3333333,1904.833333,36235,7.96,47577,271139,197000,5659,99267,17.5,E09000018
hounslow,2017/12/31,400904.5,221.6666667,2073.166667,34119,7.34,42932,269100,186000,5659,99824,17.6,E09000018
hounslow,2018/12/31,396631.0833,191.8333333,2122.583333,35935,7.85,46102,270782,178000,5659,100735,17.8,E09000018
islington,2011/12/31,424103.75,214.75,2293.666667,35996,7.09,60068,206285,201000,1486,96872,65.2,E09000019
islington,2012/12/31,442090.25,236.4166667,2334.75,36653,7.14,58131,211047,206000,1486,98096,66,E09000019
islington,2013/12/31,495766.25,249.8333333,2057.166667,37325,7.35,56967,215671,220000,1486,99015,66.6,E09000019
islington,2014/12/31,585171.3333,239.6666667,2141.166667,36751,7.36,59007,221030,231000,1486,100258,67.5,E09000019
islington,2015/12/31,643147.8333,198.5,2346.916667,36679,7.29,49576,227692,250000,1486,100756,67.8,E09000019
islington,2016/12/31,642137,195,2321,39894,7.38,52885,232865,251000,1486,101783,68.5,E09000019
islington,2017/12/31,650114.6667,141.1666667,2684.166667,39348,7.38,52752,235000,247000,1486,102457,69,E09000019
islington,2018/12/31,649824.0833,146,2399.25,40000,7.51,53489,239142,255000,1486,102824,69.2,E09000019
kensington and chelsea,2011/12/31,908565.0833,205.25,1714.083333,31491,7.57,38220,158251,137000,1238,84798,68.5,E09000020
kensington and chelsea,2012/12/31,1009044.833,185,1779.833333,30726,7.7,37192,155930,144000,1238,84900,68.6,E09000020
kensington and chelsea,2013/12/31,1126572.833,220.5,1534.083333,31307,7.67,37906,155594,141000,1238,84957,68.6,E09000020
kensington and chelsea,2014/12/31,1288405.667,225.3333333,1538.333333,30002,7.65,36844,156190,141000,1238,85553,69.1,E09000020
kensington and chelsea,2015/12/31,1302102.75,181.5,1643.083333,31524,7.78,38848,157711,150000,1238,86537,69.9,E09000020
kensington and chelsea,2016/12/31,1276235.167,152.25,1688,30008,7.52,35249,156726,153000,1238,86921,70.2,E09000020
kensington and chelsea,2017/12/31,1344539.75,130.4166667,1793.083333,31678,7.31,38625,155741,166000,1238,87276,70.5,E09000020
kensington and chelsea,2018/12/31,1363880.083,110.5,1838.75,32976,7.23,42099,156197,164000,1238,87611,70.7,E09000020
kingston upon thames,2011/12/31,312073.9167,186.5833333,924.0833333,28997,7.33,34459,160436,80000,3726,65198,17.5,E09000021
kingston upon thames,2012/12/31,324577.5833,195.5833333,882,29067,7.17,36381,163906,81000,3726,65422,17.6,E09000021
kingston upon thames,2013/12/31,345739.0833,230.3333333,788.75,29450,7.43,35167,166793,80000,3726,65625,17.6,E09000021
kingston upon thames,2014/12/31,406106.5,254.8333333,798.5,30768,7.52,35833,169958,82000,3726,65886,17.7,E09000021
kingston upon thames,2015/12/31,438002.5833,218.8333333,840.6666667,28635,7.71,31728,173525,95000,3726,66412,17.8,E09000021
kingston upon thames,2016/12/31,483333.4167,184.5833333,863.25,30729,7.69,34343,176107,99000,3726,66651,17.9,E09000021
kingston upon thames,2017/12/31,492318.5833,167.25,957.4166667,31308,7.6,36139,174609,100000,3726,66924,18,E09000021
lambeth,2011/12/31,304029.9167,298.8333333,3074.583333,34836,7.13,43657,304481,150000,2725,132213,48.5,E09000022
lambeth,2012/12/31,327465.8333,328.25,2993.25,35280,7.08,44271,310200,152000,2725,133063,48.8,E09000022
lambeth,2013/12/31,362965.6667,411.25,2755.25,35397,7.01,43350,314242,168000,2725,133598,49,E09000022
lambeth,2014/12/31,433624.8333,414.4166667,2757.666667,34491,7.41,44566,318216,180000,2725,134852,49.5,E09000022
lambeth,2015/12/31,471614,387.25,2877.416667,34852,7.41,45180,324431,185000,2725,136263,50,E09000022
lambeth,2016/12/31,514562.3333,330.1666667,2953.5,34670,7.35,41335,327910,175000,2725,137610,50.5,E09000022
lambeth,2017/12/31,518503.5833,319.6666667,2913.416667,35036,7.42,40458,324048,188000,2725,138745,50.9,E09000022
lambeth,2018/12/31,511536.4167,278.5833333,2923.166667,36200,7.22,44814,325917,180000,2725,140288,51.5,E09000022
lewisham,2011/12/31,228017.5,236.6666667,2326.333333,29567,7.05,30506,276938,75000,3532,117651,33.3,E09000023
lewisham,2012/12/31,240572,277.4166667,2110.333333,29995,7.23,30823,281556,78000,3532,118839,33.6,E09000023
lewisham,2013/12/31,260815.0833,351.5,1906.583333,30478,7.34,30909,286180,82000,3532,120637,34.2,E09000023
lewisham,2014/12/31,315812.5833,384.3333333,1819.833333,29983,7.33,32256,291933,88000,3532,121350,34.4,E09000023
lewisham,2015/12/31,355049.9167,366.8333333,2023.75,30932,7.14,32602,297325,83000,3532,122818,34.8,E09000023
lewisham,2016/12/31,402648.6667,333.6666667,2077.333333,32217,7.18,34588,301867,84000,3532,124357,35.2,E09000023
lewisham,2017/12/31,411048.9167,286.6666667,2093.75,33294,7.31,35454,301307,88000,3532,125961,35.7,E09000023
lewisham,2018/12/31,411628.8333,278.25,2174.916667,29966,7.49,33493,303536,84000,3532,126487,35.8,E09000023
merton,2011/12/31,306063,216.1666667,1205.083333,28066,7.14,32415,200543,86000,3762,80919,21.5,E09000024
merton,2012/12/31,316742.8333,230.8333333,1140.5,28613,7.18,32742,202225,89000,3762,81429,21.6,E09000024
merton,2013/12/31,344544.3333,270.5,1000,28610,7.43,31960,203223,96000,3762,81842,21.8,E09000024
merton,2014/12/31,419976.8333,262.25,993.0833333,27539,7.64,31917,203515,97000,3762,82282,21.9,E09000024
merton,2015/12/31,457702.25,248.6666667,1055,30040,7.56,32907,204565,98000,3762,82707,22,E09000024
merton,2016/12/31,500267.4167,217.4166667,1102.25,28224,7.62,34199,205029,94000,3762,83215,22.1,E09000024
merton,2017/12/31,512185.8333,208.75,1148.25,29627,7.55,35907,206052,104000,3762,83649,22.2,E09000024
newham,2011/12/31,207663.5,133.5,2659.166667,29998,7.12,36870,310460,89000,3857,103212,26.8,E09000025
newham,2012/12/31,212824.75,141.9166667,2728.25,30540,7.23,35465,314084,97000,3857,104121,27,E09000025
newham,2013/12/31,222784.1667,198.8333333,2383.25,29334,7.24,32807,318227,104000,3857,104791,27.2,E09000025
newham,2014/12/31,258312.25,253.75,2402.166667,29061,7.54,33619,324322,112000,3857,106760,27.7,E09000025
newham,2015/12/31,297558.0833,256.8333333,2522.916667,28886,7.73,33127,332817,114000,3857,108810,28.2,E09000025
newham,2016/12/31,347956.9167,246.3333333,2597.25,30743,7.61,36946,340978,125000,3857,110251,28.6,E09000025
newham,2017/12/31,362131.5,310.0833333,2879.333333,30770,7.47,38661,347996,125000,3857,112628,29.2,E09000025
newham,2018/12/31,359022.5,264.5833333,3001.666667,30392,7.54,37849,352005,139000,3857,114474,29.7,E09000025
redbridge,2011/12/31,261965.5,210.75,2073.583333,29829,7.33,31948,281395,77000,5644,101348,18,E09000026
redbridge,2012/12/31,265912,208.5833333,1909.583333,28100,7.3,30371,284617,88000,5644,101874,18,E09000026
redbridge,2013/12/31,274824.9167,248.75,1705.166667,31215,7.47,33442,288272,84000,5644,102138,18.1,E09000026
redbridge,2014/12/31,304162.4167,307.75,1692.916667,31127,7.55,33732,293055,89000,5644,102396,18.1,E09000026
redbridge,2015/12/31,343795.3333,288.6666667,1629.833333,29098,7.87,33182,296793,92000,5644,102653,18.2,E09000026
redbridge,2016/12/31,391837.25,255.3333333,1682.083333,28237,7.57,32190,299249,94000,5644,102707,18.2,E09000026
redbridge,2017/12/31,410300.1667,230.5,1954,29189,7.55,32792,301785,97000,5644,103462,18.3,E09000026
richmond upon thames,2011/12/31,434537.0833,261,998.6666667,32197,7.52,37122,187527,95000,5876,82482,14,E09000027
richmond upon thames,2012/12/31,454941.8333,272.6666667,993.5833333,31505,7.4,36411,189145,92000,5876,82691,14.1,E09000027
richmond upon thames,2013/12/31,492115.6667,301.75,896.3333333,31997,7.6,36611,191365,95000,5876,83176,14.2,E09000027
richmond upon thames,2014/12/31,577055.3333,288.8333333,893.0833333,31533,7.54,36975,193585,95000,5876,83540,14.2,E09000027
richmond upon thames,2015/12/31,618778,271.5,894.4166667,32660,7.74,38060,194730,102000,5876,83781,14.3,E09000027
richmond upon thames,2016/12/31,653760.75,243.25,954,33329,7.71,38572,195846,108000,5876,84294,14.3,E09000027
richmond upon thames,2017/12/31,665284.6667,230,1103.083333,32141,7.73,39407,195680,106000,5876,84759,14.4,E09000027
richmond upon thames,2018/12/31,652665.5,219.0833333,1059.416667,34027,7.7,40427,196904,111000,5876,85141,14.5,E09000027
southwark,2011/12/31,312539.5833,264.4166667,2904.166667,36124,7.36,48938,288717,247000,2991,123265,41.2,E09000028
southwark,2012/12/31,331124.1667,279.5,2729.916667,36056,7.21,47611,293530,270000,2991,124319,41.6,E09000028
southwark,2013/12/31,360749.8333,356.75,2688.833333,36198,7.58,43807,298465,256000,2991,125566,42,E09000028
southwark,2014/12/31,427767.5,332.5,2489.166667,34612,7.43,40893,302538,282000,2991,127217,42.5,E09000028
southwark,2015/12/31,467867.5833,338,2600.833333,36238,7.49,42316,308901,289000,2991,128358,42.9,E09000028
southwark,2016/12/31,510331.3333,302.0833333,2708.5,37159,7.37,42583,313223,307000,2991,129740,43.4,E09000028
southwark,2017/12/31,515883.3333,296.6666667,2843.666667,37601,7.47,44008,314232,317000,2991,132152,44.2,E09000028
southwark,2018/12/31,504235.25,300.5833333,2975.5,39998,7.34,48333,317256,329000,2991,132970,44.5,E09000028
sutton,2011/12/31,233026.75,202.75,988.9166667,26743,7.39,29656,191123,78000,4385,79696,18.2,E09000029
sutton,2012/12/31,238842.1667,213.8333333,956.25,25247,7.28,29407,193630,79000,4385,80283,18.3,E09000029
sutton,2013/12/31,252002.75,250.5,863.5,30061,7.49,33223,195914,77000,4385,80510,18.4,E09000029
sutton,2014/12/31,291132.1667,287.3333333,898.9166667,25797,7.6,30752,198134,78000,4385,80810,18.4,E09000029
sutton,2015/12/31,322932.25,283.8333333,906.4166667,27355,7.45,32427,200145,80000,4385,81237,18.5,E09000029
sutton,2016/12/31,365303.0833,272.6666667,919.1666667,28318,7.66,34818,202220,84000,4385,81628,18.6,E09000029
sutton,2017/12/31,376924.5,251.5,1004.833333,27945,7.91,35113,203243,85000,4385,82281,18.8,E09000029
sutton,2018/12/31,379262.5833,223,1008.583333,28853,7.88,32442,204525,78000,4385,82978,18.9,E09000029
tower hamlets,2011/12/31,287262.4167,280.1666667,2450.916667,45970,7.02,86593,256012,251000,2158,105379,48.8,E09000030
tower hamlets,2012/12/31,285453,299.6666667,2467.75,44880,7.32,64782,263003,253000,2158,108254,50.2,E09000030
tower hamlets,2013/12/31,309051.0833,369.1666667,2294.083333,46441,7.5,73376,272890,269000,2158,109215,50.6,E09000030
tower hamlets,2014/12/31,382241.6667,431.6666667,2226.916667,48309,7.54,74087,284015,278000,2158,109875,50.9,E09000030
tower hamlets,2015/12/31,421944,348.5833333,2382.75,46681,7.48,67320,295236,298000,2158,110791,51.3,E09000030
tower hamlets,2016/12/31,457129.5833,383.4166667,2553.166667,45975,7.75,64345,304854,303000,2158,113185,52.5,E09000030
tower hamlets,2017/12/31,459279,297,2669.083333,49369,7.51,75103,307964,317000,2158,118012,54.7,E09000030
tower hamlets,2018/12/31,446500.4167,270.3333333,2807.416667,49237,7.82,69806,317705,333000,2158,120015,55.6,E09000030
waltham forest,2011/12/31,220905.4167,193.0833333,2146.333333,28005,7.18,31926,259742,71000,3881,98279,25.3,E09000031
waltham forest,2012/12/31,230726.6667,193.75,2036.166667,27235,7.24,30738,262566,77000,3881,98783,25.5,E09000031
waltham forest,2014/12/31,314934.25,297.1666667,1740.916667,26484,7.64,28426,268020,84000,3881,99640,25.7,E09000031
waltham forest,2015/12/31,357513.3333,291.1666667,1803.583333,29352,7.55,30911,271170,86000,3881,100311,25.8,E09000031
waltham forest,2016/12/31,413149.4167,256.1666667,1788.333333,27455,7.67,30172,275843,86000,3881,101284,26.1,E09000031
waltham forest,2017/12/31,436116.5833,232.75,1900.666667,28284,7.73,31049,275505,88000,3881,102317,26.4,E09000031
waltham forest,2018/12/31,440859.4167,234.5,1974.833333,30298,7.46,32875,276700,88000,3881,103029,26.5,E09000031
wandsworth,2011/12/31,386200.0833,437,1942.583333,32033,7.46,38695,307710,125000,3522,134619,38.2,E09000032
wandsworth,2012/12/31,409392.0833,439.75,2178.666667,31262,7.26,35295,308312,136000,3522,135601,38.5,E09000032
wandsworth,2013/12/31,457404,522.0833333,1922.583333,31491,7.43,36917,310516,134000,3522,136558,38.8,E09000032
wandsworth,2014/12/31,544515.0833,505.3333333,1833.25,31085,7.47,35182,312145,134000,3522,137757,39.1,E09000032
wandsworth,2015/12/31,572691.25,494,1936.083333,31968,7.53,37251,314544,144000,3522,138841,39.4,E09000032
wandsworth,2016/12/31,608740.8333,444,2057.5,33405,7.64,37651,316096,146000,3522,141579,40.2,E09000032
wandsworth,2017/12/31,617921.4167,431.5,2110.666667,33137,7.64,40076,323257,151000,3522,143915,40.9,E09000032
wandsworth,2018/12/31,596649.1667,394.25,2154.416667,34501,7.65,45317,326474,147000,3522,146162,41.5,E09000032
westminster,2011/12/31,632513.5833,273.0833333,5529.166667,37406,7.33,54049,219582,674000,2203,118318,53.7,E09000033
westminster,2012/12/31,696926.0833,268.4166667,5303,37649,7,55529,223858,698000,2203,119245,54.1,E09000033
westminster,2013/12/31,789972.5,302.9166667,4643.5,36946,7.53,51094,226841,717000,2203,119837,54.4,E09000033
westminster,2014/12/31,922702.1667,303.3333333,4102.083333,37260,7.45,51099,233292,737000,2203,120367,54.6,E09000033
westminster,2015/12/31,964643,243.8333333,4085.333333,39392,7.6,53316,242299,756000,2203,121116,55,E09000033
westminster,2016/12/31,995543.3333,218.9166667,4184.333333,40000,7.68,53888,247614,765000,2203,122024,55.4,E09000033
westminster,2017/12/31,1064771.5,213.0833333,4768,42152,7.57,59878,244796,754000,2203,123366,56,E09000033
westminster,2018/12/31,1020025.5,174,5259.416667,43015,7.66,63792,255324,775000,2203,124509,56.5,E09000033